"Genotipo","Respuesta"
"AT","No"
"TT","Si"
"AT","No"
"AA","Si"
"TT","Si"
"AT","No"
"AA","No"
"AT","Si"
"AA","No"
"TT","No"
"TT","No"
"TT","No"
"AT","No"
"AA","No"
"AA","No"
"TT","Si"
"TT","No"
"AT","No"
"AA","No"
"AT","Si"
"TT","Si"
"AA","No"
"AA","No"
"AA","Si"
"AA","Si"
"TT","No"
"TT","No"
"TT","Si"
"AT","No"
"AA","No"
"AA","No"
"TT","No"
"AT","Si"
"AT","Si"
"AA","No"
"AT","Si"
"AA","Si"
"AT","Si"
"TT","No"
"TT","Si"
"AT","No"
"AA","No"
"AA","Si"
"AT","No"
"AT","No"
"AA","No"
"AT","Si"
"TT","Si"
"TT","No"
"AT","No"
"AA","Si"
"AA","No"
"TT","No"
"TT","Si"
"AA","No"
"AT","Si"
"AA","No"
"TT","No"
"TT","No"
"AA","Si"
"AA","Si"
"AA","No"
"AT","No"
"TT","No"
"AA","No"
"AA","Si"
"AT","Si"
"AA","No"
"AA","Si"
"AA","No"
"AT","No"
"AA","Si"
"TT","No"
"TT","No"
"TT","No"
"TT","Si"
"AA","Si"
"AA","Si"
"TT","Si"
"AT","Si"
"TT","Si"
"AA","No"
"AA","Si"
"AA","No"
"AT","No"
"AA","Si"
"AA","Si"
"AT","Si"
"AA","Si"
"AT","Si"
"AT","No"
"AT","Si"
"AT","Si"
"AA","No"
"AT","Si"
"AA","No"
"AT","No"
"AT","Si"
"AA","No"
"AA","No"
"AT","Si"
"AA","No"
"TT","Si"
"AT","Si"
"AA","No"
"AT","Si"
"AT","No"
"AA","Si"
"AA","No"
"AA","No"
"AT","No"
"AT","No"
"AT","No"
"AA","Si"
"AT","Si"
"AT","Si"
"AT","Si"
"AA","Si"
"AA","No"
"TT","No"
"TT","Si"
"TT","Si"
"AT","No"
"AA","No"
"AA","No"
"AA","Si"
"AT","Si"
"AT","No"
"AA","No"
"AT","No"
"TT","No"
"TT","No"
"AT","No"
"AA","Si"
"AA","No"
"AT","Si"
"AA","No"
"AA","No"
"TT","Si"
"AA","No"
"AT","Si"
"AA","No"
"AA","Si"
"AA","Si"
"AT","No"
"AT","Si"
"TT","Si"
"AT","Si"
"AA","No"
"AT","Si"
"AT","Si"
"AT","Si"
"AA","Si"
"TT","Si"
"AA","No"
"AT","Si"
"TT","Si"
"AT","No"
"AA","No"
"AA","No"
"AA","No"
"AA","No"
"AA","Si"
"AT","Si"
"AA","Si"
"AT","No"
"AA","No"
"AT","Si"
"AT","No"
"AT","Si"
"TT","Si"
"AA","No"
"AT","Si"
"AA","No"
"AA","No"
"TT","No"
"TT","Si"
"AA","Si"
"TT","Si"
"AA","No"
"AA","Si"
"TT","Si"
"TT","Si"
"TT","Si"
"AA","No"
"AA","No"
"AT","No"
"TT","Si"
"AT","Si"
"AT","Si"
"TT","Si"
"TT","No"
"TT","Si"
"AA","No"
"AA","Si"
"AT","Si"
"TT","Si"
"TT","Si"
"AT","No"
"AT","Si"
"AT","Si"
"AT","No"
"AT","No"
"TT","Si"
"TT","No"
"AT","No"
"TT","No"
"TT","No"
"AT","Si"
"AA","No"
"AT","No"
"AA","Si"
"TT","No"
"AA","No"
"AT","No"
"AA","Si"
"AT","Si"
"AT","Si"
"AA","No"
"TT","Si"
"AA","No"
"AA","Si"
"AT","Si"
"TT","Si"
"AT","Si"
"AA","No"
"AA","Si"
"AT","No"
"TT","Si"
"AT","No"
"AA","Si"
"AT","Si"
"AT","Si"
"AA","Si"
"TT","Si"
"AT","Si"
"TT","Si"
"AA","Si"
"AT","No"
"AA","No"
"AA","Si"
"AA","No"
"AT","Si"
"AT","No"
"AA","No"
"AT","No"
"AT","No"
"AT","Si"
"AA","Si"
"AA","Si"
